GEOID,NAME,total_pop,chld_pop,chld_pop_hh,chld_pop_pcnt,chld_pov_pcnt,chld_no_HI_pcnt,chld_dis_pcnt,chld_no_school_pcnt,grndprntHH_noprnt_pcnt,under18_oneprnt_pcnt,chld_hh_cashasst_pcnt,chld_hh_no_internet_pcnt,chld_hh_no_comp_pcnt,unemployed_pcnt,occ_housing_no_vehicle_pcnt,occ_housing_crowding_pcnt,housing_cost_burdened_pcnt,rank_pct_chld_pop,rank_pct_chld_pov,rank_pct_chld_no_HI,rank_pct_chld_dis,rank_pct_chld_no_school,rank_pct_grndprntHH_noprnt,rank_pct_under18_oneprnt,rank_pct_chld_hh_cashasst,rank_pct_chld_hh_no_internet,rank_pct_chld_hh_no_comp,rank_pct_unemployed,rank_pct_occ_housing_no_vehicle,rank_pct_occ_housing_crowding,rank_pct_housing_cost_burdened,sum_of_all_rank_percentiles,CVI,sum_rp_thm1,index_thm1,sum_rp_thm2,index_thm2,sum_rp_thm3,index_thm3,flags
72073,"Jayuya Municipio, Puerto Rico",14877,3088,3088,20.756873025475567,71.17875647668393,3.9256817500749177,11.69041450777202,7.650273224043716,0.7124352331606217,76.97138869504536,78.40025906735751,8.452072538860103,12.240932642487047,6.61631915941553,15.787370103916867,1.3788968824940047,20.28377298161471,0.9743589743589743,0.8846153846153846,0.7307692307692307,0.8333333333333334,0.6025641025641025,0.15384615384615385,0.9871794871794872,0.9871794871794872,0.7051282051282052,0.7948717948717948,0.5769230769230769,0.7692307692307693,0.19230769230769232,0.5128205128205128,9.705128205128206,1.0,4.0256410256410255,0.9871794871794872,3.628205128205128,0.9166666666666666,2.051282051282051,0.5256410256410257,3
72019,"Barranquitas Municipio, Puerto Rico",28982,6141,6070,21.18901387067835,68.94399737231073,2.117465224111283,8.047298406963376,8.195228555818613,2.652388797364086,73.72100954979535,68.97858319604613,8.879736408566721,9.060955518945635,6.598834754707422,10.086878032268984,4.061830080108315,20.433261875211553,0.9871794871794872,0.8461538461538461,0.3974358974358974,0.5512820512820513,0.6666666666666666,0.8076923076923077,0.9358974358974359,0.8205128205128205,0.717948717948718,0.7307692307692307,0.5512820512820513,0.11538461538461539,0.8717948717948718,0.5512820512820513,9.551282051282051,0.9871794871794872,3.4487179487179485,0.9358974358974359,4.012820512820513,0.9743589743589743,2.08974358974359,0.5512820512820513,2
72097,"Mayagüez Municipio, Puerto Rico",74146,12252,12224,16.52415504545087,72.83441852798154,2.17264932422613,11.867450212210251,7.8145205985590245,2.4214659685863875,70.94076655052265,73.66655759162303,7.706151832460733,3.0595549738219896,9.902370990237099,21.3569987346534,2.21948633767655,23.24133921548511,0.05128205128205128,0.9102564102564102,0.4230769230769231,0.8589743589743589,0.6410256410256411,0.7307692307692307,0.8461538461538461,0.9102564102564102,0.6410256410256411,0.3333333333333333,0.8974358974358975,0.9743589743589743,0.4358974358974359,0.782051282051282,9.435897435897438,0.9743589743589743,2.8846153846153846,0.7051282051282052,3.4615384615384617,0.8589743589743589,3.0897435897435894,0.9487179487179487,3
72091,"Manatí Municipio, Puerto Rico",39693,7368,7367,18.562466933716273,58.84907709011944,10.836263184329482,7.532573289902281,8.355458378884897,2.5926428668386046,61.15295480880649,49.21949233066377,39.51404913804805,2.579068820415366,7.845912896813445,18.544827586206896,5.855172413793103,25.324137931034485,0.5256410256410257,0.5,1.0,0.5,0.6794871794871795,0.7948717948717948,0.47435897435897434,0.15384615384615385,1.0,0.2692307692307692,0.6923076923076923,0.9358974358974359,0.9358974358974359,0.8589743589743589,9.320512820512821,0.9615384615384616,3.2051282051282053,0.8846153846153846,2.692307692307692,0.5769230769230769,3.423076923076923,1.0,4
72033,"Cataño Municipio, Puerto Rico",23536,4438,4438,18.856220258327667,62.103354487760654,1.5977844056242012,8.179360072104553,9.902231135622962,1.487156376746282,72.94560866493995,60.18476791347454,38.68859846777828,2.7264533573681837,6.275169495845439,24.529600734281782,3.143643873336393,23.48554382744378,0.6666666666666666,0.6025641025641025,0.2692307692307692,0.5641025641025641,0.8589743589743589,0.5512820512820513,0.8974358974358975,0.47435897435897434,0.9871794871794872,0.3076923076923077,0.48717948717948717,1.0,0.6794871794871795,0.7948717948717948,9.141025641025642,0.9487179487179487,2.9615384615384612,0.782051282051282,3.217948717948718,0.7948717948717948,2.9615384615384617,0.9102564102564102,2
72113,"Ponce Municipio, Puerto Rico",139245,26185,26070,18.804984020970235,67.12255090280446,3.4563540690549988,7.987599510104102,5.254694019471488,1.4614499424626008,69.56435407648624,66.30993479094744,7.7522056003068665,9.685462217107785,4.67013174145739,18.06645131518228,2.8399477003537914,23.240655283802493,0.6282051282051282,0.782051282051282,0.6794871794871795,0.5384615384615384,0.2948717948717949,0.5256410256410257,0.8076923076923077,0.7435897435897436,0.6538461538461539,0.7564102564102564,0.34615384615384615,0.9230769230769231,0.5512820512820513,0.7692307692307693,9.0,0.9358974358974359,2.9230769230769225,0.7307692307692307,3.4871794871794872,0.8717948717948718,2.58974358974359,0.8205128205128205,1
72127,"San Juan Municipio, Puerto Rico",344791,58165,58023,16.869639868790077,59.280041436464096,4.57799128304648,6.967142611388268,7.018817573533741,1.6803681298795305,68.74898967220476,56.03812281336711,6.590489978112128,24.57990796753012,8.596079124584847,23.25998221649665,2.082910333335667,32.09992368496594,0.07692307692307693,0.5128205128205128,0.8846153846153846,0.44871794871794873,0.5384615384615384,0.6282051282051282,0.782051282051282,0.38461538461538464,0.6153846153846154,0.9358974358974359,0.782051282051282,0.9871794871794872,0.41025641025641024,0.9871794871794872,8.974358974358974,0.9230769230769231,2.4615384615384612,0.4230769230769231,3.346153846153846,0.8333333333333334,3.1666666666666665,0.9871794871794872,3
72111,"Peñuelas Municipio, Puerto Rico",20625,4381,4381,21.241212121212122,72.54541273856059,3.2334554860961413,8.71947044053869,9.884169884169884,2.1228030130107283,66.36206470733515,71.1024880164346,2.2597580461081948,4.724948641862588,5.839156697856212,12.951450562462997,1.8206039076376554,23.120189461219656,1.0,0.8974358974358975,0.6410256410256411,0.6153846153846154,0.8461538461538461,0.6923076923076923,0.6666666666666666,0.8846153846153846,0.20512820512820512,0.48717948717948717,0.47435897435897434,0.4230769230769231,0.32051282051282054,0.7564102564102564,8.910256410256412,0.9102564102564102,4.0,0.9743589743589743,2.935897435897436,0.7051282051282052,1.9743589743589742,0.5,1
72093,"Maricao Municipio, Puerto Rico",5389,980,977,18.185192057895712,68.77551020408164,4.6685340802987865,1.2244897959183674,10.68075117370892,2.968270214943705,66.59242761692651,70.82906857727738,20.266120777891505,37.25690890481064,0.8573312816003518,13.08262711864407,6.3559322033898304,12.182203389830509,0.46153846153846156,0.8205128205128205,0.8974358974358975,0.05128205128205128,0.9487179487179487,0.8461538461538461,0.6794871794871795,0.8717948717948718,0.9102564102564102,1.0,0.01282051282051282,0.4358974358974359,0.9615384615384616,0.01282051282051282,8.91025641025641,0.8974358974358975,3.179487179487179,0.8717948717948718,4.3076923076923075,0.9871794871794872,1.4230769230769231,0.1794871794871795,4
72015,"Arroyo Municipio, Puerto Rico",16183,3282,3282,20.28054130878082,78.48872638634978,0.4350190320826536,11.486898232784887,4.503894344734169,1.7062766605728215,70.7997520148791,77.57464960390006,1.1882998171846435,19.165143205362583,3.3747381023645615,12.900601919635596,3.888075483975923,30.063445583211323,0.9358974358974359,0.9743589743589743,0.08974358974358974,0.8205128205128205,0.19230769230769232,0.6410256410256411,0.8333333333333334,0.9615384615384616,0.08974358974358974,0.8846153846153846,0.23076923076923078,0.41025641025641024,0.8461538461538461,0.9615384615384616,8.871794871794872,0.8846153846153846,3.0128205128205128,0.8461538461538461,3.4102564102564106,0.8461538461538461,2.448717948717949,0.7564102564102564,4
72045,"Comerío Municipio, Puerto Rico",18990,3591,3591,18.909952606635073,73.32219437482595,1.424361493123772,7.212475633528265,4.191616766467066,4.455583402951824,72.8643216080402,69.89696463380673,17.46031746031746,16.318574213311056,6.27649478013287,19.624573378839592,1.839211224876754,16.477057262040198,0.6923076923076923,0.9230769230769231,0.21794871794871795,0.47435897435897434,0.15384615384615385,0.9487179487179487,0.8846153846153846,0.8461538461538461,0.8846153846153846,0.8461538461538461,0.5,0.9487179487179487,0.3333333333333333,0.16666666666666666,8.82051282051282,0.8717948717948718,2.4615384615384617,0.4358974358974359,4.41025641025641,1.0,1.9487179487179487,0.47435897435897434,3
72107,"Orocovis Municipio, Puerto Rico",21510,4305,4305,20.0139470013947,63.44361602982293,2.6022304832713754,4.808362369337979,7.493890849850665,1.6260162601626018,68.5576923076923,60.76655052264809,5.389082462253194,8.687572590011614,8.7860947574993,16.300527240773285,4.261862917398945,17.882249560632687,0.8846153846153846,0.6794871794871795,0.46153846153846156,0.23076923076923078,0.5897435897435898,0.6025641025641025,0.7692307692307693,0.5256410256410257,0.5641025641025641,0.6923076923076923,0.7948717948717948,0.7948717948717948,0.8846153846153846,0.23076923076923078,8.705128205128204,0.8589743589743589,2.8461538461538463,0.6794871794871795,3.153846153846154,0.7692307692307693,2.7051282051282053,0.8461538461538461,0
72047,"Corozal Municipio, Puerto Rico",34631,6852,6851,19.785741099015333,59.58449977898924,4.415338914393735,8.873321657910099,2.8773259820813233,2.5397752152970368,60.284331518451296,62.136914319077505,11.896073565902789,6.8603123631586636,8.127787068004459,15.394761635575655,2.9300923308837388,19.794610891275674,0.8461538461538461,0.5256410256410257,0.8461538461538461,0.6410256410256411,0.07692307692307693,0.782051282051282,0.41025641025641024,0.6410256410256411,0.7948717948717948,0.6153846153846154,0.7435897435897436,0.7307692307692307,0.5897435897435898,0.4230769230769231,8.666666666666668,0.8461538461538461,2.935897435897436,0.7628205128205128,3.2435897435897436,0.8141025641025641,2.4871794871794872,0.782051282051282,0
72105,"Naranjito Municipio, Puerto Rico",29200,5497,5497,18.825342465753426,66.36197440585009,2.594299368492917,15.990540294706204,6.486380560454634,0.7640531198835728,63.25435024065161,70.45661269783518,18.337274877205747,6.585410223758413,6.326191729780081,16.959768730426404,3.204047217537943,17.658395567333173,0.6410256410256411,0.7564102564102564,0.44871794871794873,0.9487179487179487,0.44871794871794873,0.19230769230769232,0.5384615384615384,0.8589743589743589,0.8974358974358975,0.6025641025641025,0.5128205128205128,0.8461538461538461,0.7051282051282052,0.21794871794871795,8.615384615384613,0.8333333333333334,3.2435897435897436,0.8974358974358975,3.08974358974359,0.7564102564102564,2.2820512820512824,0.7051282051282052,1
72133,"Santa Isabel Municipio, Puerto Rico",20530,4185,4185,20.384802727715538,56.67861409796894,4.444444444444445,17.419354838709676,10.517885744794448,1.8399044205495818,66.21963562753037,52.903225806451616,3.010752688172043,14.719235364396654,4.0736411455289305,12.083218517497933,1.2400110223201983,28.79581151832461,0.9487179487179487,0.4358974358974359,0.8589743589743589,0.9743589743589743,0.9230769230769231,0.6666666666666666,0.6410256410256411,0.23076923076923078,0.3333333333333333,0.8205128205128205,0.2948717948717949,0.28205128205128205,0.15384615384615385,0.9487179487179487,8.512820512820513,0.8205128205128205,4.141025641025641,1.0,2.6923076923076925,0.5897435897435898,1.6794871794871793,0.28205128205128205,4
72079,"Lajas Municipio, Puerto Rico",23407,3945,3945,16.853932584269664,81.08998732572877,4.178814382896015,5.171102661596958,9.757505773672055,1.394169835234474,63.2636655948553,77.43979721166033,6.590621039290241,35.057034220532316,8.346677341873498,15.505473277527365,1.7128139085640697,14.822923374114616,0.0641025641025641,0.9871794871794872,0.7948717948717948,0.3076923076923077,0.8205128205128205,0.47435897435897434,0.5512820512820513,0.9487179487179487,0.6282051282051282,0.9871794871794872,0.7564102564102564,0.7435897435897436,0.28205128205128205,0.11538461538461539,8.461538461538462,0.8076923076923077,2.9743589743589745,0.8269230769230769,3.5897435897435894,0.8974358974358975,1.8974358974358974,0.4166666666666667,3
72039,"Ciales Municipio, Puerto Rico",17045,3203,3203,18.791434438251684,64.71550032701113,1.0416666666666665,6.21292538245395,6.1143270622286545,4.433343740243522,66.81112314915131,77.67717764595692,4.8079925070246645,5.900718076802997,7.9069115379223325,13.996087497776987,3.1300017784101013,20.380579761693046,0.5897435897435898,0.717948717948718,0.1282051282051282,0.3717948717948718,0.3974358974358974,0.9358974358974359,0.7051282051282052,0.9743589743589743,0.47435897435897434,0.5641025641025641,0.7051282051282052,0.5769230769230769,0.6666666666666666,0.5384615384615384,8.346153846153847,0.7948717948717948,2.2051282051282053,0.3333333333333333,3.653846153846154,0.9358974358974359,2.487179487179487,0.7692307692307693,2
72123,"Salinas Municipio, Puerto Rico",26208,5287,5269,20.17322954822955,68.58937749857225,3.693281744635948,18.257733915353956,4.3397396156230625,1.821977604858607,72.01670644391407,60.258113494021636,1.29056747010818,23.457961662554563,1.86377963546663,14.849662507670281,2.863571282470853,19.89159337287789,0.8974358974358975,0.8076923076923077,0.7051282051282052,0.9871794871794872,0.1794871794871795,0.6538461538461539,0.8589743589743589,0.48717948717948717,0.11538461538461539,0.9230769230769231,0.038461538461538464,0.6666666666666666,0.5641025641025641,0.46153846153846156,8.346153846153845,0.782051282051282,3.576923076923077,0.9615384615384616,3.0384615384615383,0.7371794871794872,1.7307692307692308,0.3076923076923077,2
72053,"Fajardo Municipio, Puerto Rico",32336,6006,6006,18.57372587827808,62.97843891024569,4.2831105710814095,8.774558774558775,5.261136712749616,0.9157509157509158,73.52185089974293,60.78921078921079,2.131202131202131,2.9637029637029637,12.80720613856248,14.763941437736468,2.706037177167297,26.361243625596316,0.5384615384615384,0.6538461538461539,0.8205128205128205,0.6282051282051282,0.32051282051282054,0.24358974358974358,0.9230769230769231,0.5384615384615384,0.19230769230769232,0.32051282051282054,1.0,0.6538461538461539,0.5384615384615384,0.9102564102564102,8.282051282051283,0.7692307692307693,2.9615384615384617,0.8012820512820513,2.217948717948718,0.358974358974359,3.102564102564102,0.9615384615384616,3
72009,"Aibonito Municipio, Puerto Rico",24565,4371,4371,17.793608792998167,61.15305422100206,2.1318251033282576,12.331274307938687,10.53162005542958,3.706245710363761,73.87430772935227,57.95012582932967,0.6634637382749943,20.224204987417068,2.946390073300436,13.669557279780923,2.441807393884071,22.729347329986307,0.34615384615384615,0.5641025641025641,0.41025641025641024,0.8846153846153846,0.9358974358974359,0.8974358974358975,0.9487179487179487,0.44871794871794873,0.05128205128205128,0.8974358974358975,0.1794871794871795,0.5384615384615384,0.46153846153846156,0.6666666666666666,8.230769230769232,0.7564102564102564,3.1410256410256414,0.8589743589743589,3.2435897435897436,0.8141025641025641,1.8461538461538463,0.36538461538461536,2
72077,"Juncos Municipio, Puerto Rico",37290,7402,7393,19.849825690533653,48.59497433126182,3.95655546935609,9.821669818967846,9.059020893701387,3.530366562964967,68.44772661453808,57.500338157716754,3.3409982415798725,3.6926822670093333,8.012997562956945,9.743589743589745,1.9900497512437811,25.97780329123613,0.8589743589743589,0.14102564102564102,0.7692307692307693,0.717948717948718,0.7692307692307693,0.8717948717948718,0.7564102564102564,0.4358974358974359,0.358974358974359,0.4358974358974359,0.7307692307692307,0.07692307692307693,0.38461538461538464,0.8974358974358975,8.205128205128204,0.7435897435897436,3.2564102564102564,0.9102564102564102,2.8589743589743586,0.6410256410256411,2.08974358974359,0.5512820512820513,0
72055,"Guánica Municipio, Puerto Rico",14297,2723,2723,19.0459536965797,75.72928821470245,0.0,7.601909658464928,7.359999999999999,0.4774146162320969,73.45098039215686,80.35255233198679,13.955196474476681,10.613294160852002,12.752075919335706,11.072852482783617,1.9934758970641537,12.667633200434942,0.7307692307692307,0.9358974358974359,0.038461538461538464,0.5128205128205128,0.5769230769230769,0.07692307692307693,0.9102564102564102,1.0,0.8589743589743589,0.782051282051282,0.9871794871794872,0.20512820512820512,0.3974358974358974,0.02564102564102564,8.038461538461538,0.7307692307692307,2.7948717948717947,0.6666666666666666,3.628205128205128,0.9166666666666666,1.6153846153846152,0.22435897435897437,4
72017,"Barceloneta Municipio, Puerto Rico",22836,4248,4247,18.6022070415134,62.335216572504706,2.8658271819366044,8.427495291902073,7.8095747526076496,4.8975747586531675,65.31748039463699,66.61172592418177,14.00988933364728,7.7230986578761485,6.603131381892443,9.27743086529884,1.1469351344462853,19.95667133936536,0.5512820512820513,0.6282051282051282,0.5384615384615384,0.5897435897435898,0.6282051282051282,0.9615384615384616,0.6025641025641025,0.7564102564102564,0.8717948717948718,0.6666666666666666,0.5641025641025641,0.05128205128205128,0.14102564102564102,0.47435897435897434,8.025641025641026,0.717948717948718,2.935897435897436,0.7628205128205128,3.8589743589743586,0.9487179487179487,1.2307692307692308,0.11538461538461539,1
72143,"Vega Alta Municipio, Puerto Rico",35728,7042,7036,19.71003134796238,55.22174535050072,2.7438624130235003,10.744741330301308,11.891805377720871,0.611142694712905,57.55342667649226,55.44343376918703,8.172256964184195,1.0801591813530413,9.827482043364435,14.086942203194466,4.437674954717603,21.999012020418245,0.8333333333333334,0.34615384615384615,0.5128205128205128,0.782051282051282,0.9615384615384616,0.1282051282051282,0.2564102564102564,0.358974358974359,0.6923076923076923,0.05128205128205128,0.8846153846153846,0.6025641025641025,0.9230769230769231,0.6282051282051282,7.961538461538462,0.7051282051282052,3.435897435897436,0.9230769230769231,1.4871794871794872,0.11538461538461539,3.0384615384615388,0.9358974358974359,2
72147,"Vieques Municipio, Puerto Rico",8317,1557,1557,18.72069255741253,85.99871547848427,0.0,0.0,3.4124629080118694,5.716120745022479,82.69754768392372,65.70327552986512,3.6608863198458574,9.569685292228645,5.084505041897458,15.206402695871946,7.034540859309183,16.048862679022747,0.5769230769230769,1.0,0.038461538461538464,0.01282051282051282,0.11538461538461539,0.9871794871794872,1.0,0.7307692307692307,0.41025641025641024,0.7435897435897436,0.3717948717948718,0.6923076923076923,0.9743589743589743,0.15384615384615385,7.807692307692308,0.6923076923076923,1.7435897435897436,0.08974358974358974,3.871794871794872,0.9615384615384616,2.192307692307692,0.6025641025641025,4
72151,"Yabucoa Municipio, Puerto Rico",31047,5514,5513,17.760170064740556,66.12259702575263,1.9289340101522845,2.10373594486761,4.748260335652886,5.278432795211319,70.02149697088139,75.80264828586976,1.6143660438962453,7.201160892436061,5.73015752225858,15.220495590088198,3.2927341453170937,21.965560688786223,0.32051282051282054,0.7435897435897436,0.34615384615384615,0.10256410256410256,0.23076923076923078,0.9743589743589743,0.8205128205128205,0.9358974358974359,0.15384615384615385,0.6410256410256411,0.46153846153846156,0.7051282051282052,0.7307692307692307,0.6153846153846154,7.782051282051283,0.6794871794871795,1.7435897435897436,0.08974358974358974,3.5256410256410255,0.8846153846153846,2.5128205128205128,0.7948717948717948,2
72095,"Maunabo Municipio, Puerto Rico",10700,1900,1900,17.75700934579439,62.10526315789474,3.951219512195122,3.8421052631578947,3.4399517199758605,3.6315789473684212,61.8938961779806,63.421052631578945,2.8947368421052633,7.000000000000001,9.545703338806787,16.730917501927525,7.3759958879465435,13.698278077615008,0.3076923076923077,0.6153846153846154,0.7564102564102564,0.1794871794871795,0.1282051282051282,0.8846153846153846,0.5128205128205128,0.6923076923076923,0.32051282051282054,0.6282051282051282,0.8717948717948718,0.8076923076923077,0.9871794871794872,0.0641025641025641,7.756410256410256,0.6666666666666666,1.9871794871794872,0.19230769230769232,3.0384615384615383,0.7371794871794872,2.730769230769231,0.8589743589743589,1
72145,"Vega Baja Municipio, Puerto Rico",54544,9940,9934,18.22381930184805,52.76561067535908,9.198508853681266,7.066639822830682,8.70345446388515,0.9261123414535937,60.592592592592595,48.18804107106905,29.88725588886652,3.352124018522247,7.573846086918694,13.152179403000153,3.8335269458053434,22.854689630789434,0.48717948717948717,0.2564102564102564,0.9871794871794872,0.46153846153846156,0.7307692307692307,0.2564102564102564,0.44871794871794873,0.14102564102564102,0.9487179487179487,0.3974358974358974,0.6538461538461539,0.46153846153846156,0.8333333333333334,0.6794871794871795,7.7435897435897445,0.6538461538461539,2.9230769230769234,0.7435897435897436,2.192307692307692,0.34615384615384615,2.6282051282051286,0.8333333333333334,2
72054,"Florida Municipio, Puerto Rico",11725,2251,2251,19.198294243070364,76.54375832963127,1.1221945137157108,4.931141714793426,6.4980158730158735,0.0,69.28956834532374,67.9253665037761,11.81697023545091,5.0644158151932475,9.074168797953964,13.114754098360656,2.5167397829600553,19.81066728238282,0.7564102564102564,0.9487179487179487,0.1794871794871795,0.2692307692307692,0.46153846153846156,0.02564102564102564,0.7948717948717948,0.7948717948717948,0.782051282051282,0.5128205128205128,0.8333333333333334,0.44871794871794873,0.48717948717948717,0.4358974358974359,7.730769230769231,0.6410256410256411,2.6153846153846154,0.5897435897435898,2.91025641025641,0.6794871794871795,2.2051282051282053,0.6217948717948718,1
72103,"Naguabo Municipio, Puerto Rico",23722,4905,4905,20.6770086839221,69.7548815953469,1.7036753445635526,0.5912334352701326,6.6772295156179275,2.4668705402650355,67.94059838392663,67.19673802242609,2.7930682976554535,2.2833843017329256,5.658926649238813,10.79656862745098,4.313725490196078,23.002450980392155,0.9615384615384616,0.8717948717948718,0.3076923076923077,0.038461538461538464,0.5128205128205128,0.7564102564102564,0.7307692307692307,0.782051282051282,0.28205128205128205,0.21794871794871795,0.44871794871794873,0.1794871794871795,0.9102564102564102,0.717948717948718,7.717948717948719,0.6282051282051282,2.6923076923076925,0.6153846153846154,2.769230769230769,0.6089743589743589,2.2564102564102564,0.6666666666666666,2
72057,"Guayama Municipio, Puerto Rico",37388,7030,6959,18.802824435647803,66.69540229885057,3.2190798905252187,14.051724137931036,1.78145379354223,1.2645495042391148,58.505467800729036,61.905446184796666,4.900129328926569,20.635148728265555,2.3369565217391304,15.714589084731365,1.5573016210094146,24.980533729737385,0.6153846153846154,0.7692307692307693,0.6282051282051282,0.9230769230769231,0.02564102564102564,0.3974358974358974,0.34615384615384615,0.6282051282051282,0.48717948717948717,0.9102564102564102,0.08974358974358974,0.7564102564102564,0.23076923076923078,0.8461538461538461,7.653846153846154,0.6153846153846154,2.9615384615384617,0.8012820512820513,2.769230769230769,0.6089743589743589,1.923076923076923,0.4358974358974359,2
72059,"Guayanilla Municipio, Puerto Rico",18047,3482,3482,19.294065495650248,68.35406421752965,1.9628647214854114,6.691556576680069,4.709418837675351,1.5508328546812178,72.32951116475557,63.72774267662263,2.3549684089603677,4.04939689833429,9.035376250251728,15.341176470588236,3.0274509803921568,14.03921568627451,0.7692307692307693,0.7948717948717948,0.358974358974359,0.41025641025641024,0.21794871794871795,0.5769230769230769,0.8717948717948718,0.7051282051282052,0.2564102564102564,0.46153846153846156,0.8205128205128205,0.717948717948718,0.6025641025641025,0.08974358974358974,7.653846153846153,0.5961538461538461,2.5512820512820515,0.5128205128205128,2.871794871794872,0.6538461538461539,2.230769230769231,0.6410256410256411,0
72141,"Utuado Municipio, Puerto Rico",28585,5208,5207,18.2193458107399,63.423597678916835,3.527914166212039,5.664362519201229,6.457204767063922,1.382753985020165,56.38678869876641,61.78221624735932,8.949491069713847,7.5859420011522944,12.433171702101205,17.64414993571358,0.6033033330036593,20.10681436059737,0.47435897435897434,0.6666666666666666,0.6923076923076923,0.34615384615384615,0.4358974358974359,0.46153846153846156,0.20512820512820512,0.6153846153846154,0.7307692307692307,0.6538461538461539,0.9743589743589743,0.8846153846153846,0.02564102564102564,0.48717948717948717,7.653846153846153,0.5961538461538461,2.615384615384615,0.5769230769230769,2.6666666666666665,0.5512820512820513,2.371794871794872,0.7243589743589743,1
72089,"Luquillo Municipio, Puerto Rico",17917,3219,3217,17.966177373444214,55.32516493873704,5.576532094103979,6.741223982603294,6.266756032171582,3.730183400683867,57.72439105772439,61.20609263288779,2.7976375505129,1.2123096052222568,11.827391132745692,12.597383507276202,3.380861384683228,24.033514625900338,0.38461538461538464,0.358974358974359,0.9615384615384616,0.4230769230769231,0.41025641025641024,0.9102564102564102,0.2692307692307692,0.5769230769230769,0.2948717948717949,0.10256410256410256,0.9487179487179487,0.358974358974359,0.7692307692307693,0.8076923076923077,7.576923076923076,0.5769230769230769,2.5384615384615383,0.47435897435897434,2.1538461538461537,0.32051282051282054,2.884615384615385,0.8974358974358975,3
72087,"Loíza Municipio, Puerto Rico",24216,4715,4696,19.470597951767427,62.68943436499467,0.5625879043600562,6.321839080459771,1.2865497076023393,1.0221465076660987,76.7472820057688,69.31431005110733,1.08603066439523,2.1294718909710393,12.346964064436182,20.957946602497994,4.285550590122608,19.02142775295061,0.7948717948717948,0.6410256410256411,0.10256410256410256,0.38461538461538464,0.01282051282051282,0.34615384615384615,0.9743589743589743,0.8333333333333334,0.07692307692307693,0.20512820512820512,0.9615384615384616,0.9615384615384616,0.8974358974358975,0.2948717948717949,7.487179487179487,0.5641025641025641,1.935897435897436,0.14102564102564102,2.435897435897436,0.46153846153846156,3.1153846153846154,0.9743589743589743,3
72063,"Gurabo Municipio, Puerto Rico",41237,7775,7770,18.854426849673835,40.90557275541796,4.547671299683005,13.209003215434084,13.180639585133965,2.8957528957528957,53.11879784519422,37.6962676962677,1.0682110682110681,1.3899613899613898,8.514891644454746,10.161535275438355,3.30664089465691,25.859450503934834,0.6538461538461539,0.07692307692307693,0.8717948717948718,0.8974358974358975,0.9871794871794872,0.8333333333333334,0.1282051282051282,0.05128205128205128,0.0641025641025641,0.14102564102564102,0.7692307692307693,0.1282051282051282,0.7435897435897436,0.8846153846153846,7.23076923076923,0.5512820512820513,3.4871794871794872,0.9487179487179487,1.2179487179487178,0.05128205128205128,2.5256410256410255,0.8076923076923077,1
72043,"Coamo Municipio, Puerto Rico",35268,6629,6628,18.79607576273109,58.43244891735285,1.6506387254198365,19.83707949917031,5.4030874785591765,0.9806879903439952,63.98931153725243,54.6016898008449,3.183464091732046,16.747133373566687,2.9005104627970657,13.814021346847886,2.5646932350456884,25.570145127850726,0.6025641025641025,0.48717948717948717,0.28205128205128205,1.0,0.3333333333333333,0.2948717948717949,0.5769230769230769,0.3333333333333333,0.34615384615384615,0.8589743589743589,0.16666666666666666,0.5641025641025641,0.5,0.8717948717948718,7.217948717948717,0.5384615384615384,2.7051282051282053,0.6282051282051282,2.41025641025641,0.44871794871794873,2.1025641025641026,0.5769230769230769,1
72129,"San Lorenzo Municipio, Puerto Rico",37822,6729,6729,17.791232615937812,49.88807640650649,4.013468013468014,5.067617773814832,8.761279737489746,1.9765195422796848,65.69274269557022,49.9182642294546,8.069549710209541,3.120820329915292,3.418963101354507,16.815267850563703,2.91061823004937,20.971188563849385,0.3333333333333333,0.16666666666666666,0.782051282051282,0.2948717948717949,0.7564102564102564,0.6794871794871795,0.6153846153846154,0.1794871794871795,0.6794871794871795,0.3717948717948718,0.2564102564102564,0.8333333333333334,0.5769230769230769,0.5769230769230769,7.102564102564102,0.5256410256410257,2.333333333333333,0.38461538461538464,2.525641025641026,0.48717948717948717,2.2435897435897436,0.6538461538461539,0
72081,"Lares Municipio, Puerto Rico",28092,5010,5005,17.834258863733446,69.24939467312349,4.34702523484988,4.895104895104895,7.1232249198350885,0.4595404595404595,46.10552763819096,68.25174825174825,12.327672327672328,6.373626373626373,4.382653917127999,14.136814410038454,1.629224853268569,22.64723740133576,0.358974358974359,0.8589743589743589,0.8333333333333334,0.2564102564102564,0.5641025641025641,0.0641025641025641,0.038461538461538464,0.8076923076923077,0.8205128205128205,0.5897435897435898,0.32051282051282054,0.6153846153846154,0.2692307692307692,0.6410256410256411,7.0384615384615365,0.5128205128205128,2.8717948717948714,0.6923076923076923,2.3205128205128207,0.3974358974358974,1.8461538461538463,0.36538461538461536,0
72149,"Villalba Municipio, Puerto Rico",22341,4530,4461,20.276621458305357,55.40266185427476,1.5971790085044595,10.351781313018149,5.208333333333334,0.941492938802959,75.85573167930163,62.40753194351042,4.259134723156243,2.600313830979601,7.979071288423806,12.297072734245175,3.106225233286463,13.86935958072351,0.9230769230769231,0.3717948717948718,0.2564102564102564,0.7692307692307693,0.2692307692307692,0.2692307692307692,0.9615384615384616,0.6538461538461539,0.46153846153846156,0.2948717948717949,0.717948717948718,0.3076923076923077,0.6410256410256411,0.07692307692307693,6.9743589743589745,0.5,2.58974358974359,0.5641025641025641,2.641025641025641,0.5256410256410257,1.7435897435897434,0.32051282051282054,2
72075,"Juana Díaz Municipio, Puerto Rico",46704,9436,9287,20.203836930455633,53.214170345644455,1.744952825403267,11.751520973422991,5.910562282699916,1.5505545386023474,55.68106312292359,53.90330569613438,3.7687089479918168,4.974695811349198,9.504878930249367,13.554000130830119,2.2241119905802313,19.814221233728006,0.9102564102564102,0.28205128205128205,0.32051282051282054,0.8461538461538461,0.38461538461538464,0.5641025641025641,0.16666666666666666,0.28205128205128205,0.4230769230769231,0.5,0.8589743589743589,0.5128205128205128,0.44871794871794873,0.44871794871794873,6.948717948717948,0.48717948717948717,2.7435897435897436,0.6538461538461539,1.935897435897436,0.24358974358974358,2.269230769230769,0.6858974358974359,1
72119,"Río Grande Municipio, Puerto Rico",47630,8402,8401,17.640142767163553,51.17555794247524,4.760323259160855,10.307069745298739,5.5406852248394,0.987977621711701,58.084637964774956,50.779669087013446,3.5233900726104035,1.904535174384002,11.034891180970241,12.701470493803377,3.4868040839915238,28.099916522185836,0.28205128205128205,0.23076923076923078,0.9102564102564102,0.7564102564102564,0.34615384615384615,0.3076923076923077,0.3076923076923077,0.20512820512820512,0.38461538461538464,0.1794871794871795,0.9358974358974359,0.3717948717948718,0.782051282051282,0.9358974358974359,6.935897435897435,0.47435897435897434,2.5256410256410255,0.4551282051282051,1.3846153846153846,0.08974358974358974,3.0256410256410255,0.9230769230769231,3
72023,"Cabo Rojo Municipio, Puerto Rico",47403,8053,8053,16.98837626310571,53.80952380952381,0.0,9.43747671675152,10.004180019506757,1.2045200546380233,60.50345003833376,54.588352166894325,5.587979634918664,28.424189742952937,6.328086571569109,12.109795479009689,3.665829446238488,21.09795479009688,0.11538461538461539,0.2948717948717949,0.038461538461538464,0.6923076923076923,0.8717948717948718,0.38461538461538464,0.4230769230769231,0.32051282051282054,0.5769230769230769,0.9615384615384616,0.5256410256410257,0.2948717948717949,0.7948717948717948,0.5897435897435898,6.884615384615384,0.4551282051282051,2.0128205128205128,0.22435897435897437,2.6666666666666665,0.5512820512820513,2.2051282051282053,0.6217948717948718,1
72137,"Toa Baja Municipio, Puerto Rico",76248,13808,13807,18.109327457769382,44.83338205203157,3.7913090491315806,9.921784472769408,6.667211373478225,1.4412978923734336,59.96055226824457,45.09306873325125,20.757586731368146,3.0926341710726444,6.87198273854799,8.60295693164774,3.3140489965002495,22.991214913220485,0.44871794871794873,0.1282051282051282,0.717948717948718,0.7307692307692307,0.5,0.5,0.3974358974358974,0.08974358974358974,0.9230769230769231,0.358974358974359,0.6025641025641025,0.02564102564102564,0.7564102564102564,0.7051282051282052,6.884615384615384,0.4551282051282051,2.5256410256410255,0.4551282051282051,2.269230769230769,0.38461538461538464,2.08974358974359,0.5512820512820513,1
72067,"Hormigueros Municipio, Puerto Rico",15726,2433,2433,15.47119420068676,55.07666804807294,0.6294256490952006,17.057131113851213,7.657038055937643,2.794903411426223,57.174688057041,57.33662145499383,4.973284011508426,1.0686395396629675,8.887421106707764,15.816326530612246,1.8973214285714284,24.123086734693878,0.01282051282051282,0.32051282051282054,0.11538461538461539,0.9615384615384616,0.6153846153846154,0.8205128205128205,0.24358974358974358,0.4230769230769231,0.5128205128205128,0.038461538461538464,0.8076923076923077,0.782051282051282,0.34615384615384615,0.8205128205128205,6.820512820512819,0.4358974358974359,2.0256410256410255,0.25,2.0384615384615383,0.28205128205128205,2.7564102564102564,0.8717948717948718,1
72071,"Isabela Municipio, Puerto Rico",42985,7467,7451,17.371175991624984,56.9982453772439,5.103042198233562,3.4723153237699425,10.198342214328004,1.0065762984834252,58.11076750070284,62.46141457522481,34.04912092336599,17.393638437793584,3.109544498182911,12.8654182944901,0.9699582379092011,19.14993937761013,0.19230769230769232,0.44871794871794873,0.9487179487179487,0.14102564102564102,0.8974358974358975,0.3333333333333333,0.32051282051282054,0.6666666666666666,0.9743589743589743,0.8717948717948718,0.21794871794871795,0.3974358974358974,0.07692307692307693,0.3076923076923077,6.794871794871796,0.4230769230769231,2.628205128205128,0.6025641025641025,3.1666666666666665,0.782051282051282,1.0,0.08333333333333333,2
72131,"San Sebastián Municipio, Puerto Rico",39351,7073,7061,17.974130263525705,63.50375300948874,1.0610079575596816,7.803427276589718,9.378390947139978,1.4870414955388755,52.88376220053239,60.4305339187084,13.284237360147289,14.473870556578389,4.936564247489628,11.17468134414832,1.5353418308227114,21.292004634994203,0.3974358974358974,0.6923076923076923,0.15384615384615385,0.5256410256410257,0.7948717948717948,0.5384615384615384,0.11538461538461539,0.5,0.8461538461538461,0.8076923076923077,0.358974358974359,0.23076923076923078,0.21794871794871795,0.6025641025641025,6.782051282051281,0.40384615384615385,2.564102564102564,0.532051282051282,2.8076923076923075,0.6282051282051282,1.4102564102564101,0.16666666666666666,0
72001,"Adjuntas Municipio, Puerto Rico",18068,3439,3416,19.033650653088333,78.1615925058548,1.5752308527973928,1.6100702576112413,3.389261744966443,0.234192037470726,66.25478081788762,75.02927400468384,11.943793911007026,4.244730679156908,9.421300910238523,14.061664587417571,1.0515059704152558,18.178577793619677,0.717948717948718,0.9615384615384616,0.24358974358974358,0.0641025641025641,0.08974358974358974,0.05128205128205128,0.6538461538461539,0.9230769230769231,0.8076923076923077,0.47435897435897434,0.8461538461538461,0.5897435897435898,0.11538461538461539,0.24358974358974358,6.782051282051281,0.40384615384615385,2.076923076923077,0.2692307692307692,2.9102564102564106,0.6923076923076923,1.794871794871795,0.3333333333333333,2
72029,"Canóvanas Municipio, Puerto Rico",42811,8282,8282,19.34549531662423,51.998038734984064,3.048361219344488,11.023907268775659,4.33972310969116,1.424776624003864,61.8039808515999,58.283023424293646,1.5092972711905337,2.426950012074378,10.889748003499168,9.854913769504517,6.104571584998631,19.764577059950724,0.782051282051282,0.24358974358974358,0.6025641025641025,0.7948717948717948,0.16666666666666666,0.48717948717948717,0.48717948717948717,0.46153846153846156,0.1282051282051282,0.24358974358974358,0.9102564102564102,0.10256410256410256,0.9487179487179487,0.41025641025641024,6.769230769230769,0.38461538461538464,2.5897435897435894,0.5512820512820513,1.8076923076923077,0.21794871794871795,2.371794871794872,0.7243589743589743,2
72099,"Moca Municipio, Puerto Rico",37532,7103,7103,18.92518384312054,61.82332155477032,3.319612269286947,5.321695058426017,8.699047321568015,0.661692242714346,56.11353711790393,60.565958045896096,2.2666478952555256,8.728706180487118,10.903129277687581,10.574539992489672,2.470897484040556,19.654524971836274,0.7051282051282052,0.5769230769230769,0.6538461538461539,0.32051282051282054,0.717948717948718,0.14102564102564102,0.1794871794871795,0.5128205128205128,0.21794871794871795,0.7051282051282052,0.9230769230769231,0.15384615384615385,0.47435897435897434,0.3974358974358974,6.679487179487181,0.3717948717948718,2.9743589743589745,0.8269230769230769,1.7564102564102564,0.19230769230769232,1.948717948717949,0.48717948717948717,1
72031,"Carolina Municipio, Puerto Rico",155886,26804,26780,17.19461657878193,44.55759221543335,3.944055944055944,9.383398029262466,6.30977570884469,1.6803584764749813,65.9846244825547,46.01568334578043,3.6370425690814043,3.5847647498132935,7.3292439694426665,11.508378059955492,2.6966880481738444,31.05282104987564,0.16666666666666666,0.10256410256410256,0.7435897435897436,0.6794871794871795,0.4230769230769231,0.6153846153846154,0.6282051282051282,0.11538461538461539,0.3974358974358974,0.4230769230769231,0.6410256410256411,0.24358974358974358,0.5256410256410257,0.9743589743589743,6.67948717948718,0.358974358974359,2.1153846153846154,0.2948717948717949,2.1794871794871793,0.3333333333333333,2.3846153846153846,0.7435897435897436,1
72013,"Arecibo Municipio, Puerto Rico",88017,15423,15355,17.522751286683256,60.89976629446897,3.432934527746047,6.332727744614585,5.26084407971864,0.9573428850537284,61.917863374043755,61.58905893845653,5.626831650928037,5.757082383588408,7.639074083951145,13.74588919807741,1.9131039716670881,19.399822919301794,0.23076923076923078,0.5512820512820513,0.6666666666666666,0.3974358974358974,0.3076923076923077,0.28205128205128205,0.5256410256410257,0.6025641025641025,0.5897435897435898,0.5384615384615384,0.6666666666666666,0.5512820512820513,0.3717948717948718,0.34615384615384615,6.628205128205129,0.34615384615384615,2.153846153846154,0.32051282051282054,2.5384615384615383,0.5064102564102564,1.9358974358974361,0.46153846153846156,0
72025,"Caguas Municipio, Puerto Rico",128182,22866,22837,17.838698101137446,50.706152352370026,3.0214543537332195,12.330445436247484,8.500123548307387,1.4450234268949511,61.82965299684543,53.124315803301656,2.0405482331304463,1.7997109953146209,5.501537668268789,13.608841703645336,1.9118317919794303,24.949197528304236,0.3717948717948718,0.19230769230769232,0.5897435897435898,0.8717948717948718,0.7051282051282052,0.5128205128205128,0.5,0.24358974358974358,0.1794871794871795,0.16666666666666666,0.4358974358974359,0.5256410256410257,0.358974358974359,0.8333333333333334,6.487179487179487,0.3333333333333333,2.730769230769231,0.6410256410256411,1.6025641025641026,0.14743589743589744,2.1538461538461537,0.5897435897435898,0
72101,"Morovis Municipio, Puerto Rico",29069,5694,5694,19.58787711995597,55.53202752779248,2.887487553932957,7.2883737267298905,3.39971836652585,1.0010537407797682,66.65434380776341,65.2616789603091,2.599227256761503,3.0909729539866526,6.910434132979165,13.26911124922312,1.3362336855189558,19.58773565361508,0.8205128205128205,0.3974358974358974,0.5512820512820513,0.48717948717948717,0.10256410256410256,0.32051282051282054,0.6923076923076923,0.717948717948718,0.2692307692307692,0.34615384615384615,0.6153846153846154,0.48717948717948717,0.1794871794871795,0.38461538461538464,6.371794871794873,0.32051282051282054,2.358974358974359,0.3974358974358974,2.3461538461538463,0.41025641025641024,1.6666666666666667,0.2692307692307692,0
72121,"Sabana Grande Municipio, Puerto Rico",22860,4195,4194,18.350831146106735,43.93325387365912,6.630552546045504,14.350417163289631,2.127659574468085,8.20219360991893,60.52353252247487,33.28564616118264,12.875536480686694,2.5512637100619933,7.148044402946365,11.546301688992429,1.04834012813046,18.6371578334304,0.5128205128205128,0.08974358974358974,0.9743589743589743,0.9358974358974359,0.038461538461538464,1.0,0.4358974358974359,0.01282051282051282,0.8333333333333334,0.2564102564102564,0.6282051282051282,0.2564102564102564,0.10256410256410256,0.2564102564102564,6.333333333333332,0.3076923076923077,2.551282051282051,0.5,2.5384615384615383,0.5064102564102564,1.2435897435897436,0.1282051282051282,3
72041,"Cidra Municipio, Puerto Rico",40125,7567,7544,18.858566978193146,50.47264012781254,2.6752539014119394,9.794565937707091,6.600863664404688,2.982502651113468,57.806613645876936,53.43319194061505,10.00795334040297,5.328738069989396,3.0937351119580754,12.500929575369971,1.5319402097122035,19.364914107235816,0.6794871794871795,0.1794871794871795,0.5,0.7051282051282052,0.47435897435897434,0.8589743589743589,0.28205128205128205,0.2564102564102564,0.7435897435897436,0.5256410256410257,0.20512820512820512,0.34615384615384615,0.20512820512820512,0.3333333333333333,6.294871794871795,0.2948717948717949,2.5384615384615388,0.48717948717948717,2.6666666666666665,0.5512820512820513,1.0897435897435896,0.10256410256410256,0
72005,"Aguadilla Municipio, Puerto Rico",55241,9997,9881,18.097065585344218,60.70066251756675,1.2139746084700214,6.204343040128089,6.618801884675792,0.8804776844448942,63.524546707666204,57.12984515737274,5.657322133387309,6.072259892723409,6.562158220925994,16.76615987314616,1.618319186643037,18.822871000839474,0.4358974358974359,0.5384615384615384,0.19230769230769232,0.358974358974359,0.48717948717948717,0.23076923076923078,0.5641025641025641,0.41025641025641024,0.6025641025641025,0.5769230769230769,0.5384615384615384,0.8205128205128205,0.2564102564102564,0.2692307692307692,6.282051282051281,0.28205128205128205,2.0128205128205128,0.22435897435897437,2.384615384615385,0.4358974358974359,1.8846153846153846,0.3974358974358974,0
72109,"Patillas Municipio, Puerto Rico",16231,2836,2836,17.472737354445197,64.98589562764458,2.627311060655206,8.885754583921015,2.5620811982656684,0.4936530324400564,56.12762871646121,66.6431593794076,1.2693935119887165,1.0930888575458393,5.428446517050423,17.65207019935253,3.8166638268870337,23.036292383711025,0.21794871794871795,0.7307692307692307,0.47435897435897434,0.6538461538461539,0.05128205128205128,0.10256410256410256,0.19230769230769232,0.7692307692307693,0.10256410256410256,0.0641025641025641,0.4230769230769231,0.8974358974358975,0.8205128205128205,0.7307692307692307,6.23076923076923,0.2692307692307692,2.1282051282051277,0.3076923076923077,1.2307692307692308,0.0641025641025641,2.871794871794872,0.8846153846153846,0
72007,"Aguas Buenas Municipio, Puerto Rico",24567,4438,4438,18.0648837871942,58.21064552661382,2.8889806025588114,13.722397476340694,7.040121120363361,0.540784136998648,64.94349603270017,61.041009463722396,3.8080216313654796,2.591257323118522,2.536266692285522,13.33408096893574,3.061567791858248,14.500392508691265,0.41025641025641024,0.47435897435897434,0.5641025641025641,0.9102564102564102,0.5512820512820513,0.11538461538461539,0.5897435897435898,0.5512820512820513,0.4358974358974359,0.28205128205128205,0.10256410256410256,0.5,0.6153846153846154,0.10256410256410256,6.205128205128204,0.2564102564102564,2.9102564102564106,0.717948717948718,1.9743589743589745,0.2692307692307692,1.3205128205128207,0.14102564102564102,1
72125,"San Germán Municipio, Puerto Rico",32031,5648,5552,17.632918110580377,64.55810590999458,0.414524954402255,5.3359333451515685,4.625684723067559,0.8105187319884726,58.83755042170884,71.59582132564842,5.241354466858789,30.70965417867435,2.1143045920052854,17.124183006535947,2.605664488017429,16.4880174291939,0.2692307692307692,0.7051282051282052,0.07692307692307693,0.3333333333333333,0.20512820512820512,0.20512820512820512,0.358974358974359,0.8974358974358975,0.5384615384615384,0.9743589743589743,0.0641025641025641,0.8589743589743589,0.5128205128205128,0.1794871794871795,6.179487179487179,0.24358974358974358,1.5897435897435896,0.05128205128205128,2.9743589743589745,0.717948717948718,1.6153846153846152,0.22435897435897437,1
72051,"Dorado Municipio, Puerto Rico",36030,7160,7160,19.87232861504302,33.99441340782123,3.1395952257394915,6.927374301675977,5.821917808219178,2.2765363128491622,47.708816705336424,39.21787709497207,25.06983240223464,0.4888268156424581,7.822959336597063,10.46836622342678,3.1506733293808757,19.454560853730836,0.8717948717948718,0.02564102564102564,0.6153846153846154,0.4358974358974359,0.3717948717948718,0.717948717948718,0.05128205128205128,0.0641025641025641,0.9358974358974359,0.01282051282051282,0.6794871794871795,0.14102564102564102,0.6923076923076923,0.358974358974359,5.9743589743589745,0.23076923076923078,2.3205128205128203,0.3717948717948718,1.782051282051282,0.20512820512820512,1.8717948717948718,0.38461538461538464,1
72135,"Toa Alta Municipio, Puerto Rico",67602,12895,12895,19.074879441436643,38.777890072300394,1.7709901770990177,4.769290422644436,8.740690009417001,2.4505622334238075,53.44149064332182,36.362931368747574,32.93524621946491,1.13997673516867,5.089682931996328,6.946270686919067,2.171843119474042,32.86783042394015,0.7435897435897436,0.0641025641025641,0.3333333333333333,0.21794871794871795,0.7435897435897436,0.7435897435897436,0.14102564102564102,0.038461538461538464,0.9615384615384616,0.08974358974358974,0.38461538461538464,0.01282051282051282,0.4230769230769231,1.0,5.897435897435898,0.21794871794871795,2.1025641025641026,0.28205128205128205,1.9743589743589742,0.2564102564102564,1.8205128205128205,0.34615384615384615,2
72021,"Bayamón Municipio, Puerto Rico",185939,31563,31452,16.97492188298313,49.268619140189294,4.277964502623975,9.188570702094525,6.938834391229083,1.2654203230319216,59.89416239457582,47.154393997202085,3.923438891008521,2.3337148670990717,5.118571104901442,12.841698031159563,1.7948987089325075,27.736208370195985,0.10256410256410256,0.15384615384615385,0.8076923076923077,0.6666666666666666,0.5256410256410257,0.41025641025641024,0.38461538461538464,0.1282051282051282,0.44871794871794873,0.23076923076923078,0.3974358974358974,0.38461538461538464,0.2948717948717949,0.9230769230769231,5.8589743589743595,0.20512820512820512,2.2564102564102564,0.34615384615384615,1.6025641025641026,0.14743589743589744,2.0,0.5128205128205128,1
72035,"Cayey Municipio, Puerto Rico",42134,7324,7323,17.382636350690653,53.10665027993991,4.951874366767984,9.980884762424905,3.492162036318485,2.4853202239519323,68.00633823105733,45.80090126997132,2.348764167690837,2.0073740270380993,3.0324125640454445,18.00649107477219,0.642866059168643,19.535638497066536,0.20512820512820512,0.2692307692307692,0.9230769230769231,0.7435897435897436,0.14102564102564102,0.7692307692307693,0.7435897435897436,0.10256410256410256,0.24358974358974358,0.19230769230769232,0.19230769230769232,0.9102564102564102,0.038461538461538464,0.3717948717948718,5.846153846153847,0.19230769230769232,2.282051282051282,0.358974358974359,2.0512820512820515,0.2948717948717949,1.512820512820513,0.19230769230769232,2
72153,"Yauco Municipio, Puerto Rico",34704,6149,6140,17.718418626094977,55.99284436493739,2.525797012166949,8.310294356805985,8.388765705838876,1.3680781758957654,56.62794670310899,54.47882736156352,4.96742671009772,10.423452768729643,6.755748490809197,12.047989185535654,0.5069280162216966,15.435958093950658,0.2948717948717949,0.4230769230769231,0.4358974358974359,0.5769230769230769,0.6923076923076923,0.44871794871794873,0.23076923076923078,0.2948717948717949,0.5,0.7692307692307693,0.5897435897435898,0.2692307692307692,0.01282051282051282,0.1282051282051282,5.666666666666666,0.1794871794871795,2.423076923076923,0.41025641025641024,2.2435897435897436,0.3717948717948718,1.0,0.08333333333333333,0
72117,"Rincón Municipio, Puerto Rico",15097,2367,2366,15.678611644697622,55.62180579216355,2.1040095275903137,1.9856358259400086,12.84786641929499,3.8461538461538463,60.96788783355947,50.591715976331365,11.496196111580726,5.874894336432798,3.562086474842283,12.482468443197755,1.1395511921458625,13.078541374474053,0.038461538461538464,0.41025641025641024,0.38461538461538464,0.07692307692307693,0.9743589743589743,0.9230769230769231,0.46153846153846156,0.19230769230769232,0.7692307692307693,0.5512820512820513,0.2692307692307692,0.3333333333333333,0.1282051282051282,0.05128205128205128,5.564102564102564,0.16666666666666666,1.8846153846153846,0.1282051282051282,2.897435897435898,0.6666666666666666,0.782051282051282,0.05128205128205128,2
72037,"Ceiba Municipio, Puerto Rico",11463,1952,1951,17.028701038122655,55.103120042305655,2.918724741805119,5.023065094823168,8.073817762399077,1.3326499231163504,56.46145313366612,55.30497180932855,1.7939518195797026,1.2813941568426448,4.185613890037206,15.13461072034926,3.0802813485326217,22.70191608052389,0.14102564102564102,0.3333333333333333,0.5769230769230769,0.28205128205128205,0.6538461538461539,0.4230769230769231,0.21794871794871795,0.34615384615384615,0.16666666666666666,0.1282051282051282,0.3076923076923077,0.6794871794871795,0.6282051282051282,0.6538461538461539,5.538461538461539,0.15384615384615385,1.9871794871794868,0.16666666666666666,1.282051282051282,0.07692307692307693,2.269230769230769,0.6858974358974359,0
72083,"Las Marías Municipio, Puerto Rico",8896,1735,1735,19.503147482014388,68.93371757925073,0.0,4.84149855907781,2.871729419272495,0.0,48.46909300982091,61.32564841498559,0.0,25.590778097982707,2.28740581270183,14.43413729128015,3.7476808905380334,16.549165120593692,0.8076923076923077,0.8333333333333334,0.038461538461538464,0.24358974358974358,0.0641025641025641,0.02564102564102564,0.0641025641025641,0.5897435897435898,0.019230769230769232,0.9487179487179487,0.07692307692307693,0.6410256410256411,0.8076923076923077,0.19230769230769232,5.352564102564102,0.14102564102564102,1.9871794871794872,0.19230769230769232,1.6474358974358974,0.16666666666666666,1.717948717948718,0.2948717948717949,1
72115,"Quebradillas Municipio, Puerto Rico",23743,4329,4329,18.232742281935728,53.89640690620625,1.0481283422459893,3.511203511203511,9.850507207688201,1.3629013629013629,50.31937544357701,63.36336336336337,10.857010857010858,1.2474012474012475,1.9810421786448669,14.199249485534438,1.3073477787192833,20.251785498123713,0.5,0.3076923076923077,0.14102564102564102,0.15384615384615385,0.8333333333333334,0.4358974358974359,0.07692307692307693,0.6794871794871795,0.7564102564102564,0.11538461538461539,0.05128205128205128,0.6282051282051282,0.16666666666666666,0.5,5.346153846153846,0.1282051282051282,1.9358974358974361,0.15384615384615385,2.064102564102564,0.3076923076923077,1.3461538461538463,0.15384615384615385,0
72011,"Añasco Municipio, Puerto Rico",25859,4435,4435,17.15070188329015,55.47461871158661,1.9863438857852265,4.712514092446448,10.270680495825955,1.1273957158962795,58.13563383656841,53.551296505073275,7.7790304396843295,8.928974069898535,3.8607423462476294,10.95350669818755,0.9343690194754025,16.87492964088709,0.15384615384615385,0.38461538461538464,0.3717948717948718,0.20512820512820512,0.9102564102564102,0.3717948717948718,0.3333333333333333,0.2692307692307692,0.6666666666666666,0.717948717948718,0.28205128205128205,0.19230769230769232,0.0641025641025641,0.20512820512820512,5.128205128205128,0.11538461538461539,2.0256410256410255,0.25,2.358974358974359,0.4230769230769231,0.7435897435897436,0.038461538461538464,1
72027,"Camuy Municipio, Puerto Rico",32885,5778,5778,17.570320814961228,61.85585266513193,2.829720337580672,4.63828314295604,15.579984836997726,0.8134302526825892,44.23318385650224,61.12841813776393,3.4614053305642094,8.09968847352025,2.7341373510360376,10.74162048033782,0.7125890736342043,18.914401337204186,0.2564102564102564,0.5897435897435898,0.5256410256410257,0.19230769230769232,1.0,0.21794871794871795,0.02564102564102564,0.5641025641025641,0.3717948717948718,0.6794871794871795,0.11538461538461539,0.16666666666666666,0.05128205128205128,0.28205128205128205,5.038461538461537,0.10256410256410256,2.564102564102564,0.532051282051282,1.858974358974359,0.23076923076923078,0.6153846153846154,0.01282051282051282,1
72069,"Humacao Municipio, Puerto Rico",51398,9017,8947,17.543484182263903,57.26896859984356,1.2921525370312008,0.4693261816962789,5.683389915755061,1.5535933832569575,57.925005751092705,51.77154353414552,2.3359785402928357,3.431317760143065,3.399459385165162,13.212011944334892,4.045298326666291,19.313764155727085,0.24358974358974358,0.46153846153846156,0.20512820512820512,0.02564102564102564,0.358974358974359,0.5897435897435898,0.2948717948717949,0.21794871794871795,0.23076923076923078,0.41025641025641024,0.24358974358974358,0.47435897435897434,0.8589743589743589,0.32051282051282054,4.935897435897435,0.08974358974358974,1.294871794871795,0.038461538461538464,1.7435897435897436,0.1794871794871795,1.8974358974358974,0.4166666666666667,0
72003,"Aguada Municipio, Puerto Rico",38307,6491,6488,16.944683739264363,50.90286425902865,2.6415094339622645,3.7898628870744107,9.125740160222918,1.063501849568434,58.86260531432275,55.73366214549939,5.255856966707769,14.827373612823674,2.869628995782654,12.312427856868027,1.0465563678337821,15.482878030011543,0.08974358974358974,0.21794871794871795,0.48717948717948717,0.16666666666666666,0.782051282051282,0.358974358974359,0.3717948717948718,0.3717948717948718,0.5512820512820513,0.8333333333333334,0.14102564102564102,0.32051282051282054,0.08974358974358974,0.14102564102564102,4.923076923076923,0.07692307692307693,1.7435897435897436,0.08974358974358974,2.4871794871794872,0.47435897435897434,0.6923076923076923,0.02564102564102564,0
72139,"Trujillo Alto Municipio, Puerto Rico",68001,12298,12271,18.085028161350568,38.04993087744978,1.6804178336234956,11.20507399577167,5.2205220522052205,2.167712492869367,51.965435445611654,42.791948496455056,1.5891125417651375,1.5728139515931872,2.87596010148403,9.757722088085922,3.222046457414037,22.928981766713846,0.4230769230769231,0.05128205128205128,0.2948717948717949,0.8076923076923077,0.28205128205128205,0.7051282051282052,0.10256410256410256,0.07692307692307693,0.14102564102564102,0.15384615384615385,0.15384615384615385,0.08974358974358974,0.717948717948718,0.6923076923076923,4.6923076923076925,0.0641025641025641,1.858974358974359,0.11538461538461539,1.1794871794871793,0.038461538461538464,1.6538461538461537,0.25,0
72049,"Culebra Municipio, Puerto Rico",1293,220,220,17.014694508894046,21.658986175115206,0.0,2.272727272727273,9.5,0.0,66.82464454976304,54.54545454545454,0.0,3.1818181818181817,1.4505893019038985,17.177914110429448,9.406952965235174,12.678936605316974,0.1282051282051282,0.01282051282051282,0.038461538461538464,0.11538461538461539,0.8076923076923077,0.02564102564102564,0.717948717948718,0.3076923076923077,0.019230769230769232,0.38461538461538464,0.02564102564102564,0.8717948717948718,1.0,0.038461538461538464,4.493589743589744,0.05128205128205128,1.1025641025641026,0.02564102564102564,1.455128205128205,0.10256410256410256,1.935897435897436,0.44871794871794873,1
72085,"Las Piedras Municipio, Puerto Rico",35495,6617,6617,18.642062262290462,44.77158901198968,5.057373565660858,2.9469548133595285,4.991624790619766,0.48360284116669183,55.18507188742735,49.91688076167448,0.4231524860208554,1.1032189814115159,5.175997318136105,9.496188266489892,3.107391448458734,20.351342393105735,0.5641025641025641,0.11538461538461539,0.9358974358974359,0.1282051282051282,0.24358974358974358,0.08974358974358974,0.15384615384615385,0.16666666666666666,0.038461538461538464,0.07692307692307693,0.41025641025641024,0.0641025641025641,0.6538461538461539,0.5256410256410257,4.166666666666667,0.038461538461538464,1.9871794871794872,0.19230769230769232,0.5256410256410255,0.01282051282051282,1.6538461538461537,0.25,1
72065,"Hatillo Municipio, Puerto Rico",38739,6680,6679,17.24360463615478,50.883233532934135,1.4362912400455061,2.0059880239520957,10.018367006177993,0.7186704596496482,34.632230780848815,56.98457852972002,5.165443928731847,3.8478814193741577,2.8293599103329194,8.85286783042394,1.576940002933842,20.93296171336365,0.1794871794871795,0.20512820512820512,0.23076923076923078,0.08974358974358974,0.8846153846153846,0.16666666666666666,0.01282051282051282,0.3974358974358974,0.5256410256410257,0.44871794871794873,0.1282051282051282,0.038461538461538464,0.24358974358974358,0.5641025641025641,4.115384615384616,0.02564102564102564,1.5897435897435899,0.0641025641025641,1.5512820512820513,0.1282051282051282,0.9743589743589743,0.0641025641025641,0
72061,"Guaynabo Municipio, Puerto Rico",90014,13972,13916,15.522029906458995,37.44607420189819,1.094817862119302,8.578185466532894,5.205702647657841,0.7617131359586088,51.65715133091125,35.6424259844783,2.8097154354699625,0.5030181086519114,4.518976622443481,11.104394030990486,1.8008845333927264,23.083776130325496,0.02564102564102564,0.038461538461538464,0.16666666666666666,0.6025641025641025,0.2564102564102564,0.1794871794871795,0.08974358974358974,0.02564102564102564,0.3076923076923077,0.02564102564102564,0.3333333333333333,0.21794871794871795,0.3076923076923077,0.7435897435897436,3.3205128205128203,0.01282051282051282,1.0897435897435896,0.01282051282051282,0.6282051282051283,0.02564102564102564,1.6025641025641026,0.20512820512820512,0
